id,first_name,middle_name,last_name,phone_number,email,relationship
1,Трифон,Ефстафьевич,Кабанова,+72699086315,aksenovkasjan@example.org,father
2,Октябрина,Давидович,Кабанова,+70245997801,timofeevfedor@example.net,mother
3,Платон,Гордеевич,Сазонова,+76235036503,eevdokimov@example.net,father
4,Бажен,Юльевич,Костина,+75861099757,gartemeva@example.org,father
5,Елена,Егоровна,Костина,+72252955366,lignatev@example.net,mother
6,Прокофий,Федосьевич,Данилова,+75865258841,demid_52@example.net,father
7,Венедикт,Ивановна,Суханов,+71773144873,timur33@example.com,father
8,Олимпиада,Феоктистович,Суханов,+79979889355,voronovratmir@example.org,mother
9,Ефрем,Макаровна,Савина,+70484085341,luka_2004@example.net,father
10,Василиса,Константиновна,Савина,+77993582299,anzhelika2001@example.net,mother
11,Потап,Владиленович,Шилова,+77780643914,belovizjaslav@example.com,father
12,Аким,Аскольдовна,Потапов,+70620880095,margarita_62@example.org,father
13,Агата,Вилорович,Потапов,+70882244425,lobanovaksenija@example.com,mother
14,Матвей,Антоновна,Буров,+72390203774,beljakovjaroslav@example.net,father
15,Зоя,Егорович,Буров,+71963250279,dobromislpotapov@example.net,mother
16,Твердислав,Валерьянович,Дьячкова,+72561213976,nikitinaverjan@example.com,father
17,Виктория,Антоновна,Дьячкова,+73673779675,andre79@example.com,mother
18,Ефрем,Мироновна,Мухин,+74271290800,anzhelika_36@example.com,father
19,Акулина,Виленович,Мухин,+73261234811,sila1972@example.net,mother
20,Измаил,Феликсовна,Самойлова,+73310509621,david1984@example.org,father
21,Ксения,Адамович,Самойлова,+76310174487,mironovtimur@example.com,mother
22,Аскольд,Станиславовна,Котов,+79811694542,bolshakovevse@example.net,father
23,Анастасия,Валерьевич,Котов,+73027180059,eleonora_61@example.com,mother
24,Филарет,Геннадиевич,Воронцова,+78765927603,vladilen55@example.com,father
25,Наина,Фёдорович,Воронцова,+77524214534,rubenbelousov@example.org,mother
26,Ратибор,Степановна,Романова,+77892377553,mihail_52@example.net,father
27,Жанна,Аксёнович,Романова,+76479545626,denisovvladilen@example.net,mother
28,Клавдий,Васильевич,Кудряшова,+77917048371,dobromislpoljakov@example.com,father
29,Мечислав,Станиславовна,Гордеев,+73812150226,florentingrigorev@example.com,father
30,Марина,Геннадиевич,Гордеев,+70624385027,pahom_36@example.com,mother
31,Парфен,Чеславович,Большакова,+75239244173,galaktionandreev@example.com,father
32,Нинель,Валентинович,Большакова,+74762035640,kotovaanastasija@example.com,mother
33,Никон,Ааронович,Галкин,+74507560895,pahom61@example.org,father
34,Ия,Альбертовна,Галкин,+74424184738,ignatovavalerija@example.net,mother
35,Куприян,Викторович,Юдин,+76868043615,omuhin@example.com,father
36,Елена,Матвеевна,Юдин,+73830439342,vsevolod1991@example.com,mother
37,Кондрат,Даниловна,Шубин,+73215320475,vbobrova@example.net,father
38,Нонна,Арсенович,Шубин,+76167945175,irina1987@example.net,mother
39,Пантелеймон,Тарасовна,Куликова,+71388667978,ermakovandre@example.net,father
40,Олег,Ждановна,Костин,+71877531403,pantelemonbobrov@example.com,father
41,Любовь,Юльевич,Костин,+70305948458,margarita_80@example.org,mother
42,Федор,Харитонович,Казакова,+70269150193,usisoev@example.com,father
43,Елена,Алексеевна,Казакова,+75935741199,militsa_2016@example.net,mother
44,Артем,Юльевич,Мамонтов,+79923178456,kuzmashilov@example.com,father
45,Октябрина,Жанович,Мамонтов,+77283345094,komissarovselivan@example.com,mother
46,Кондратий,Анисимович,Щербаков,+75713829634,efimovparamon@example.com,father
47,Лукия,Андреевич,Щербаков,+74587318496,radovan1970@example.com,mother
48,Платон,Кирилловна,Селиверстов,+79698428720,markovkliment@example.org,father
49,Маргарита,Альбертовна,Селиверстов,+76751732548,luka_92@example.org,mother
50,Артем,Даниловна,Федосеева,+75391053353,silaisakov@example.net,father
51,Лариса,Аркадьевна,Федосеева,+72173216045,baranovanatalja@example.org,mother
52,Куприян,Игнатьевич,Соколова,+75175024669,polikarp81@example.com,father
53,Дарья,Брониславович,Соколова,+71038614725,luchezar2024@example.com,mother
54,Всеслав,Демидович,Жданова,+75233728275,suvorovjaroslav@example.net,father
55,София,Васильевна,Жданова,+70701008500,romanuvarov@example.org,mother
56,Ефрем,Вадимовна,Бурова,+77248022046,muhinmakar@example.org,father
57,Александра,Святославовна,Бурова,+75999607869,ekaterina1997@example.com,mother
58,Лонгин,Вениаминовна,Тарасов,+75671579270,sisoevizot@example.com,father
59,Валентина,Данилович,Тарасов,+77329762215,sblohin@example.com,mother
60,Гостомысл,Фокич,Воробьева,+79081596257,klavdi34@example.net,father
61,Вера,Васильевич,Воробьева,+75513134198,uvarovamos@example.com,mother
62,Эмиль,Харитоновна,Тихонов,+70912678763,demid55@example.com,father
63,Надежда,Ааронович,Тихонов,+78351177090,lukinisa@example.org,mother
64,Изот,Александровна,Фадеев,+73166472458,aksenovstepan@example.com,father
65,Татьяна,Богданович,Фадеев,+79394231851,zatsevapolina@example.com,mother
66,Евстафий,Станиславовна,Журавлева,+73446783988,avksentiosipov@example.net,father
67,Зинаида,Ниловна,Журавлева,+76217966317,alla_40@example.org,mother
68,Евграф,Антоновна,Никитин,+79462633644,trofimovaanzhelika@example.com,father
69,Евгения,Альбертовна,Никитин,+74708337345,ivanna_2010@example.net,mother
70,Парфен,Гавриилович,Голубев,+75768519888,emeljankondratev@example.net,father
71,Пелагея,Устинович,Голубев,+76453440824,simonovvitali@example.net,mother
72,Александр,Ильич,Данилов,+70075906896,larionovaelena@example.net,father
73,Антонина,Робертовна,Данилов,+72918428258,antonina_1987@example.net,mother
74,Спиридон,Даниилович,Федорова,+79406223592,fominilja@example.com,father
75,Евпраксия,Зиновьевич,Федорова,+79015506792,spartak_1974@example.com,mother
76,Нифонт,Анатольевна,Исаева,+78383033180,kapustinapollon@example.com,father
77,Демьян,Измаилович,Носкова,+76445353515,blinovjuli@example.net,father
78,Полина,Архиповна,Носкова,+72125623677,uvarovnikandr@example.net,mother
79,Ярослав,Захаровна,Григорьев,+74102843252,isaevauljana@example.net,father
80,Синклитикия,Якубович,Григорьев,+72522355396,lukija71@example.com,mother
81,Потап,Юрьевна,Соколова,+79808303427,efrem_98@example.org,father
82,Захар,Глебович,Калашников,+72845136798,ershovipati@example.org,father
83,Олимпиада,Эльдаровна,Калашников,+75257506757,kulaginatamara@example.net,mother
84,Викентий,Евгеньевна,Щербакова,+70881171787,samsonovamarina@example.net,father
85,Клавдия,Теймуразович,Щербакова,+77424725828,ilinolimpi@example.org,mother
86,Кондратий,Федосеевич,Кошелев,+79803073400,mihail2007@example.net,father
87,Моисей,Геннадьевна,Павлова,+77898402607,ermola2004@example.com,father
88,Гедеон,Иларионович,Тарасов,+75422107332,stanimir_90@example.org,father
89,Василий,Артёмович,Михеев,+72641296794,irina_06@example.net,father
90,Святослав,Анатольевич,Николаева,+74091481915,ljubov_2024@example.net,father
91,Оксана,Валерианович,Николаева,+78734020045,gkostina@example.com,mother
92,Лаврентий,Тихонович,Соловьев,+78014224707,moiseevarefi@example.org,father
93,Елизавета,Рудольфовна,Соловьев,+78154038884,savvatiershov@example.net,mother
94,Владимир,Феофанович,Щербаков,+73190518958,fedoseevroman@example.org,father
95,Наталья,Игнатьевич,Щербаков,+70782537993,shirjaevrostislav@example.com,mother
96,Федот,Еремеевич,Одинцов,+72890912623,belousovaninel@example.net,father
97,Антонина,Денисович,Одинцов,+77983721499,kallistrat1990@example.org,mother
98,Яков,Евстигнеевич,Титов,+70943124275,shilovmilen@example.net,father
99,Антонина,Харитоновна,Титов,+74265548363,aristarh2002@example.org,mother
100,Ульян,Жанович,Иванова,+76286710668,kazimir2023@example.com,father
101,Ксения,Ждановна,Иванова,+76590236629,guljaevaverjan@example.com,mother
102,Богдан,Владленович,Маслова,+76272901461,ratmir82@example.com,father
103,Варвара,Ивановна,Маслова,+73590516118,andreevsolomon@example.com,mother
104,Касьян,Аверьянович,Аксенова,+73205045680,zuevaanzhela@example.org,father
105,Ия,Наумовна,Аксенова,+70111987912,xosipova@example.com,mother
106,Аркадий,Львовна,Белов,+77614448278,vishnjakovamargarita@example.net,father
107,Артемий,Терентьевич,Гурьев,+71432070162,ershovaelena@example.org,father
108,Майя,Валентинович,Гурьев,+79410060413,bobrovegor@example.org,mother
109,Тихон,Антипович,Афанасьева,+77798492066,grishinapelageja@example.com,father
110,Вера,Богданович,Афанасьева,+78663309749,nikifor_52@example.com,mother
111,Мирон,Борисович,Князева,+73789059032,guri_2011@example.org,father
112,Алла,Венедиктович,Князева,+70496651830,lukija2022@example.com,mother
113,Виссарион,Зиновьевич,Никифорова,+71200705753,gbelozerov@example.com,father
114,Зоя,Димитриевич,Никифорова,+78719648845,timofeevaksenija@example.org,mother
115,Панфил,Иосифович,Королева,+76091404162,guri_32@example.org,father
116,Елена,Демьянович,Королева,+75337687693,antonina_32@example.org,mother
117,Антонин,Эдгарович,Селиверстова,+74055600438,cheslav_1977@example.com,father
118,Ангелина,Тимофеевна,Селиверстова,+75842638752,akim93@example.org,mother
119,Давыд,Алексеевна,Ефимов,+76987642332,ignatipoljakov@example.net,father
120,Милий,Тимуровна,Гришин,+73134664706,gostomislkirillov@example.com,father
121,Ираида,Львовна,Гришин,+74172188195,gromovapollinari@example.com,mother
122,Анисим,Зиновьевич,Третьякова,+74283750627,afinogen2012@example.com,father
123,Анжела,Абрамович,Третьякова,+74404820041,borislav16@example.net,mother
124,Касьян,Леонидовна,Гурьева,+74216870079,ilinserge@example.org,father
125,Лора,Владиленович,Гурьева,+72968096998,vmiheeva@example.net,mother
126,Назар,Евстигнеевич,Давыдова,+73433342550,belovevse@example.org,father
127,Афанасий,Брониславович,Стрелкова,+78742253552,pavlovgeorgi@example.net,father
128,Юлия,Наумовна,Стрелкова,+74580563077,medvedevazhanna@example.org,mother
129,Любим,Ярославович,Бурова,+79080935519,safonovizot@example.org,father
130,Ия,Георгиевна,Бурова,+75654132085,filippovaregina@example.com,mother
131,Софрон,Эльдаровна,Никитина,+74705424948,mihail_2023@example.com,father
132,Антонина,Елизарович,Никитина,+76758500384,markovnazar@example.org,mother
133,Демид,Сергеевна,Рыбаков,+79690649839,sobolevevdokim@example.net,father
134,Аким,Антоновна,Игнатов,+70244186942,ljubomir47@example.org,father
135,Василиса,Архипович,Игнатов,+79604337595,doroninboleslav@example.org,mother
136,Филарет,Эдгарович,Лихачев,+73466830621,mlarionov@example.net,father
137,Агата,Тимофеевна,Лихачев,+75936666280,kuznetsovarseni@example.net,mother
138,Капитон,Демьянович,Степанова,+77199111062,mitofan_60@example.org,father
139,Фирс,Ниловна,Овчинникова,+79972452338,panfil1970@example.com,father
140,Синклитикия,Брониславович,Овчинникова,+77121595868,blohinegor@example.net,mother
141,Мирослав,Ивановна,Тетерин,+75681473010,boris_73@example.com,father
142,Октябрина,Еремеевич,Тетерин,+75872746355,ivanovmechislav@example.org,mother
143,Софон,Валентинович,Петров,+74403434708,feoktist1994@example.com,father
144,Феврония,Рубеновна,Петров,+71841075445,rnesterov@example.net,mother
145,Агафон,Андреевна,Хохлов,+78100367685,stepanborisov@example.org,father
146,Мария,Макаровна,Хохлов,+71008669715,miheaksenov@example.com,mother
147,Селиван,Елисеевич,Филиппов,+71268368225,hsharapov@example.com,father
148,Фирс,Анисимович,Русаков,+75506437102,gromovizmail@example.net,father
149,Зинаида,Леонидовна,Русаков,+77076432401,djachkovaskold@example.net,mother
150,Карл,Терентьевич,Корнилов,+73298920705,timur2022@example.org,father
151,Алла,Архипович,Корнилов,+75299740480,kozlovtimur@example.org,mother
152,Владилен,Никифоровна,Федотова,+79142383818,nonna_62@example.com,father
153,Азарий,Борисовна,Кудряшов,+76351957682,ferapont92@example.com,father
154,Глафира,Евгеньевна,Кудряшов,+78190857346,mstislav1994@example.net,mother
155,Лукьян,Леонидовна,Емельянова,+73415055812,sigizmund_43@example.net,father
156,Дарья,Валерьевич,Емельянова,+79935300782,samsonovzinovi@example.org,mother
157,Лучезар,Васильевна,Брагин,+79070480182,venedikt2013@example.net,father
158,Лора,Антоновна,Брагин,+79015653765,evse_2017@example.com,mother
159,Трифон,Ермилович,Щербакова,+79823891477,merkushevgleb@example.org,father
160,Дорофей,Димитриевич,Макарова,+71014835068,svetlana_03@example.com,father
161,Пелагея,Яковлевна,Макарова,+77053753898,valentina_2023@example.com,mother
162,Мстислав,Кирилловна,Евдокимова,+78889064954,florentinsamsonov@example.org,father
163,Виктор,Мироновна,Сазонова,+74255250761,lebedevljubomir@example.com,father
164,Светлана,Харлампович,Сазонова,+74784444700,samolovairina@example.org,mother
165,Ладислав,Олеговна,Никонов,+71896185194,korolevstanislav@example.org,father
166,Марфа,Натановна,Никонов,+73820718893,mvorobev@example.org,mother
167,Сила,Игнатьевич,Гусев,+76412018184,ovchinnikovljubim@example.com,father
168,Ираида,Михайловна,Гусев,+78930457054,sharapovmechislav@example.net,mother
169,Болеслав,Валерианович,Макарова,+75062475054,oleg2015@example.com,father
170,Евфросиния,Филимонович,Макарова,+74646700880,julija_2023@example.net,mother
171,Роман,Валериевна,Ефимова,+73652760155,varvara76@example.org,father
172,Марина,Алексеевна,Ефимова,+78965239518,semenovaevgenija@example.net,mother
173,Андроник,Феликсович,Русакова,+72626548015,vadim_31@example.org,father
174,Анастасия,Эльдаровна,Русакова,+79837080158,amos26@example.net,mother
175,Евграф,Артёмович,Комаров,+73167463044,bobrovkonon@example.net,father
176,Варфоломей,Ануфриевич,Осипова,+77628302776,gleb1989@example.org,father
177,Ангелина,Дорофеевич,Осипова,+72966841445,kuprijan23@example.org,mother
178,Мирослав,Фокич,Казаков,+73860382460,filippovanani@example.org,father
179,Виктория,Фокич,Казаков,+73571601406,egorovsvjatoslav@example.org,mother
180,Ювеналий,Ждановна,Зимина,+76696096427,venedikt_1993@example.com,father
181,Раиса,Тарасович,Зимина,+74251114931,fedosi_2015@example.com,mother
182,Епифан,Дмитриевич,Семенов,+74180679922,nbespalov@example.com,father
183,Марина,Владиленович,Семенов,+71041485378,filaretpotapov@example.org,mother
184,Давыд,Ефремович,Давыдова,+74245035874,panovgeorgi@example.net,father
185,Фёкла,Даниловна,Давыдова,+79249450182,margarita67@example.com,mother
186,Рюрик,Викторовна,Евсеева,+71969371547,lavrenti_31@example.net,father
187,Евпраксия,Васильевич,Евсеева,+75178883079,foma25@example.com,mother
188,Харитон,Тарасовна,Романова,+77904768777,silantizuev@example.org,father
189,Алина,Олеговна,Романова,+77911601409,lebedevepifan@example.com,mother
190,Ладимир,Кирилловна,Котова,+72267873318,jaropolk_1979@example.org,father
191,Алина,Валериевна,Котова,+76664322943,isakovemeljan@example.com,mother
192,Еремей,Игоревна,Ермакова,+78140740398,turovaelena@example.com,father
193,Любовь,Макаровна,Ермакова,+71631188764,vera_87@example.net,mother
194,Устин,Валерьевич,Орлов,+73072841932,simon2020@example.com,father
195,Таисия,Даниилович,Орлов,+79159268938,fekla1976@example.net,mother
196,Наум,Владиславовна,Громов,+79027317317,markovavera@example.org,father
197,Лаврентий,Ефстафьевич,Галкин,+70443881687,milen_2023@example.org,father
198,Агата,Григорьевич,Галкин,+71348148213,avgustnikonov@example.org,mother
199,Эмиль,Глебович,Васильев,+73928292784,shilovazinaida@example.net,father
200,Феврония,Валентиновна,Васильев,+79361127691,semen_28@example.org,mother
201,Лукьян,Владимировна,Веселова,+76163363750,apollinari_42@example.org,father
202,Ирина,Глебович,Веселова,+72248915214,uljana61@example.com,mother
203,Милан,Ануфриевич,Авдеева,+75000184901,tihon1982@example.org,father
204,Евдокия,Фокич,Авдеева,+77190332076,miron_2010@example.com,mother
205,Платон,Викторовна,Пестова,+72368858345,budimir24@example.net,father
206,Афанасий,Викторович,Якушев,+75930849461,kolobovstanimir@example.net,father
207,Елисей,Ефремович,Никитин,+71425487003,atrofimov@example.com,father
208,Ия,Анисимович,Никитин,+79678620539,vseslav_26@example.net,mother
209,Конон,Владиславович,Смирнова,+73665552458,vasilisa_18@example.com,father
210,Галина,Станиславовна,Смирнова,+79123931445,ershovonufri@example.org,mother
211,Ираклий,Ермилович,Фомичева,+75705954425,xavdeeva@example.net,father
212,Кира,Евсеевич,Фомичева,+77588786728,ostapsubbotin@example.com,mother
213,Галактион,Яковлевич,Самойлова,+70599248957,kononovstepan@example.net,father
214,Евгения,Власович,Самойлова,+72101771925,foka_1994@example.org,mother
215,Пантелеймон,Трофимович,Кузнецов,+79431275202,qgolubeva@example.net,father
216,Александра,Димитриевич,Кузнецов,+75362251848,juvenalichernov@example.com,mother
217,Порфирий,Тарасович,Комаров,+79936086627,solomon_89@example.net,father
218,Игнатий,Антоновна,Крылов,+79339005906,andron1970@example.net,father
219,Максимильян,Даниловна,Сорокина,+70471440276,angelina2020@example.net,father
220,Вероника,Болеславовна,Сорокина,+75280846237,saveli53@example.com,mother
221,Кузьма,Захарьевич,Тимофеева,+74180724041,lartemeva@example.com,father
222,Иосиф,Демидович,Меркушев,+73567878158,vsemil2005@example.com,father
223,Пелагея,Павловна,Меркушев,+73278452498,viktorin_95@example.com,mother
224,Иван,Кузьминична,Семенова,+77485984984,rubenaksenov@example.org,father
225,Лидия,Натановна,Семенова,+74585555710,paramon_02@example.org,mother
226,Мир,Александровна,Муравьев,+79610845140,antonina_12@example.net,father
227,Пелагея,Станиславовна,Муравьев,+73050871392,drozdovafaina@example.com,mother
228,Святослав,Ивановна,Евдокимов,+78063171654,bronislav1998@example.org,father
229,Раиса,Жоресович,Евдокимов,+71335918417,makarovaolga@example.net,mother
230,Тит,Вячеславовна,Мухина,+75569148287,bobrovnazar@example.net,father
231,Мария,Феоктистович,Мухина,+77215759773,vladlengavrilov@example.org,mother
232,Всеслав,Леонидовна,Ларионов,+73896055326,lgerasimova@example.com,father
233,Соломон,Юльевич,Носков,+75082858012,gennadi_2015@example.com,father
234,Ладимир,Артемьевич,Крюкова,+78469787612,martinovdemid@example.net,father
235,Маргарита,Григорьевна,Крюкова,+73940406574,mina26@example.com,mother
236,Прокл,Харлампьевич,Ефремова,+76136960142,jakushevanatalja@example.com,father
237,София,Харитонович,Ефремова,+79269058674,isa1992@example.org,mother
238,Милен,Кузьминична,Виноградова,+76857318262,jaroslav64@example.com,father
239,Кира,Михайловна,Виноградова,+77886730588,fedorovaklavdija@example.net,mother
240,Марк,Евстигнеевич,Костина,+75078748548,mamontovarefi@example.com,father
241,Ангелина,Ярославович,Костина,+72888802705,izjaslavisaev@example.net,mother
242,Фома,Виленович,Дроздова,+73034213921,potapovstanislav@example.com,father
243,Лариса,Викторович,Дроздова,+75572107061,fedoseevboleslav@example.org,mother
244,Фотий,Зиновьевич,Соколов,+76472533678,blobanova@example.net,father
245,Майя,Демьянович,Соколов,+79590173976,valentin2020@example.net,mother
246,Евстигней,Святославовна,Игнатьев,+73453210019,avde2023@example.net,father
247,Дарья,Андреевна,Игнатьев,+74951385937,terentiartemev@example.net,mother
248,Дмитрий,Адрианович,Федорова,+75235973096,jharitonova@example.com,father
249,Марина,Фролович,Федорова,+79338595490,lavrenti_2017@example.net,mother
250,Спартак,Львовна,Филиппов,+75213256138,evdokimovvsemil@example.net,father
251,Евгения,Чеславович,Филиппов,+70852102888,nikonaleksandrov@example.net,mother
252,Порфирий,Павловна,Новиков,+75154846097,venedikt_2016@example.com,father
253,Вера,Тимуровна,Новиков,+75305317326,melnikovkirill@example.net,mother
254,Матвей,Харитонович,Кудрявцев,+72157658008,emamontova@example.org,father
255,Ульяна,Владиславович,Кудрявцев,+70784753468,nonna2023@example.org,mother
256,Януарий,Якубович,Макаров,+71310950162,gostomisl1987@example.com,father
257,Любомир,Данилович,Прохоров,+79399786585,erofegalkin@example.org,father
258,Елизавета,Кузьминична,Прохоров,+74121733468,terentevnikon@example.org,mother
259,Вениамин,Анатольевич,Евсеева,+70132465160,ernst_90@example.com,father
260,Оксана,Яковлевич,Евсеева,+74044660909,lavrenti2012@example.net,mother
261,Ермил,Давыдович,Горшков,+73694815384,rfilippov@example.org,father
262,Иванна,Владиленович,Горшков,+78195222995,julija_1986@example.net,mother
263,Евлампий,Кузьминична,Ситникова,+73965428742,ostromir13@example.com,father
264,Вера,Феодосьевич,Ситникова,+73296707920,vasilisa_2022@example.org,mother
265,Антип,Устинович,Горбачева,+75752968659,voronovmilovan@example.org,father
266,Кира,Исидорович,Горбачева,+75648796616,foka_26@example.org,mother
267,Вацлав,Вячеславович,Панфилов,+76258968374,varfolome42@example.com,father
268,Лора,Геннадиевна,Панфилов,+70208466717,sofon70@example.net,mother
269,Евгений,Гурьевич,Фокин,+74064193816,pnaumova@example.net,father
270,Нонна,Бориславович,Фокин,+78806309948,feoktist1997@example.net,mother
271,Соломон,Ефремович,Красильников,+76691249016,zatsevdmitri@example.net,father
272,Регина,Антипович,Красильников,+73138053459,vasili1979@example.com,mother
273,Дементий,Геннадиевна,Рогова,+76620032382,bemeljanov@example.net,father
274,Прасковья,Валериевна,Рогова,+76746774957,vjacheslav_1987@example.net,mother
275,Лавр,Артёмович,Воронова,+74704711051,julija1984@example.org,father
276,Фаина,Анисимович,Воронова,+74120672268,januari34@example.com,mother
277,Творимир,Егорович,Трофимов,+79141163994,chernovfrol@example.com,father
278,Алина,Ефимьевич,Трофимов,+76392057287,angelina_2016@example.net,mother
279,Спиридон,Авдеевич,Дорофеев,+70584521316,rtihonova@example.com,father
280,Лариса,Гаврилович,Дорофеев,+74967450882,arseniavdeev@example.com,mother
281,Эрнст,Изотович,Андреева,+73337901051,tsubbotina@example.com,father
282,Фёкла,Кузьминична,Андреева,+79597944109,anisim_19@example.net,mother
283,Лучезар,Давидович,Гуляев,+78510479077,vgolubeva@example.net,father
284,Оксана,Тихонович,Гуляев,+78590597132,lazar1991@example.org,mother
285,Ферапонт,Харитонович,Дорофеев,+74083087670,odenisova@example.com,father
286,Регина,Афанасьевна,Дорофеев,+70711536790,fedoseevostromir@example.net,mother
287,Сигизмунд,Устинович,Агафонова,+78845580977,savva2001@example.org,father
288,Виктория,Августович,Агафонова,+76525989636,moiseevasvetlana@example.net,mother
289,Мина,Максимовна,Лихачева,+73340184690,wromanova@example.net,father
290,Аполлон,Вадимовна,Крылова,+75124942401,samuillapin@example.com,father
291,Анастасия,Ивановна,Крылова,+72523786684,kononovemil@example.net,mother
292,Ратибор,Тимофеевна,Лазарев,+78653227815,natalja_2010@example.com,father
293,Надежда,Артурович,Лазарев,+70383564158,nhohlova@example.com,mother
294,Велимир,Ильинична,Соболева,+78117869356,svjatopolk_1974@example.org,father
295,Моисей,Феоктистович,Брагина,+71952090370,vladimir_67@example.com,father
296,Елена,Марсович,Брагина,+70018561076,narkiskolobov@example.net,mother
297,Прокофий,Кирилловна,Тарасова,+77966709452,tsvetkovgavrila@example.net,father
298,Силантий,Владимировна,Лебедева,+73373248128,prokofi_71@example.org,father
299,Анжелика,Наумовна,Лебедева,+70882270893,tsavin@example.com,mother
300,Георгий,Эдгарович,Зимина,+78308343752,trofim_07@example.net,father
301,Вацлав,Демидович,Воронцов,+79006336082,gemeljanov@example.net,father
302,Лариса,Богданович,Воронцов,+70045126362,anisimgromov@example.org,mother
303,Селиверст,Тимофеевна,Морозов,+73842521173,sharapovelizar@example.net,father
304,София,Фокич,Морозов,+70119687587,rjabovauljana@example.com,mother
305,Сократ,Харитонович,Тихонова,+73886866762,frol_33@example.com,father
306,Евгения,Чеславович,Тихонова,+73649430263,valeri2005@example.org,mother
307,Онуфрий,Викентьевич,Орехов,+76811138767,polina04@example.com,father
308,Акулина,Вячеславович,Орехов,+70199399315,dvorobev@example.net,mother
309,Наркис,Ерофеевич,Дмитриева,+75760488737,rusakovavalerija@example.com,father
310,Пелагея,Давыдович,Дмитриева,+75691801515,polikarp_00@example.com,mother
311,Панкрат,Тихонович,Гущин,+75436342207,feoktist2022@example.org,father
312,Наталья,Терентьевич,Гущин,+73087959762,djachkovsolomon@example.com,mother
313,Каллистрат,Игоревич,Никонова,+75065737824,sofron00@example.net,father
314,Галина,Фёдорович,Никонова,+75336925172,erofe14@example.org,mother
315,Мокей,Владиславовна,Новикова,+78249532128,zimindorofe@example.net,father
316,Раиса,Кузьминична,Новикова,+73902949245,firs1977@example.org,mother
317,Алексей,Владимировна,Котов,+78886649905,karpovustin@example.net,father
318,Елизавета,Ермилович,Котов,+73390664430,kabanovoleg@example.com,mother
319,Владилен,Димитриевич,Киселев,+72716081806,eliseevapollon@example.net,father
320,Людмила,Аксёнович,Киселев,+70707583926,lobanovaanastasija@example.org,mother
321,Автоном,Сергеевна,Борисова,+71082559251,artem2023@example.com,father
322,Наина,Валерьянович,Борисова,+74894028679,olimpi2017@example.net,mother
323,Владилен,Устинович,Селиверстов,+75033312985,gurevasinklitikija@example.net,father
324,Савватий,Богдановна,Терентьева,+72524542984,rjabovrodion@example.org,father
325,Наина,Болеславовна,Терентьева,+72321232160,ilapina@example.com,mother
326,Богдан,Романовна,Егоров,+73256114610,zahar_1984@example.com,father
327,Лидия,Фомич,Егоров,+71824499004,zinovi_1991@example.org,mother
328,Руслан,Еремеевич,Шарапов,+72257863833,ustin1981@example.com,father
329,Надежда,Евстигнеевич,Шарапов,+71485554379,bobilevanatalja@example.net,mother
330,Ермил,Ильясович,Кириллова,+70440791308,dementevaevdokija@example.org,father
331,Алина,Руслановна,Кириллова,+79208571995,morozovajulija@example.net,mother
332,Ефим,Антипович,Воронова,+78281051635,samson_1980@example.com,father
333,Самсон,Артёмович,Захаров,+73099829715,kallistratbobilev@example.com,father
334,Надежда,Иларионович,Захаров,+74632242476,bfrolov@example.org,mother
335,Осип,Демидович,Николаев,+78936151020,proklorehov@example.net,father
336,Александра,Даниилович,Николаев,+78552857327,isidorfedoseev@example.net,mother
337,Любомир,Наумовна,Захарова,+72321628781,kuznetsovaakulina@example.com,father
338,Олимпиада,Антипович,Захарова,+77334513590,stanimir1972@example.org,mother
339,Фадей,Адамович,Беспалов,+74879981677,stojan14@example.org,father
340,Валентина,Станиславовна,Беспалов,+76003259445,selivan_1970@example.org,mother
341,Максимильян,Ермолаевич,Аксенова,+73680280793,nifont_23@example.org,father
342,Фёкла,Руслановна,Аксенова,+71766430221,edementeva@example.net,mother
343,Анатолий,Борисович,Котова,+79485092531,veronika_48@example.org,father
344,Кира,Тарасовна,Котова,+73417115644,vladilen_1973@example.net,mother
345,Панкрат,Андреевич,Терентьев,+70480877099,iosif_1987@example.org,father
346,Зинаида,Рубеновна,Терентьев,+73680201927,ilja52@example.com,mother
347,Юлий,Федотович,Нестерова,+71898580161,osipovapolina@example.net,father
348,Полина,Германович,Нестерова,+74687209689,osip_89@example.org,mother
349,Данила,Эдуардович,Горбунов,+73759002961,parfen07@example.org,father
350,Зинаида,Даниловна,Горбунов,+72413896873,gurevaevpraksija@example.net,mother
351,Вениамин,Кузьминична,Филатов,+77010209798,vlas_1985@example.com,father
352,Регина,Даниилович,Филатов,+75090881370,kirillovbazhen@example.com,mother
353,Чеслав,Богдановна,Тихонов,+77316263676,tretjakovanadezhda@example.com,father
354,Октябрина,Петровна,Тихонов,+70254429065,fedoseevavera@example.net,mother
355,Валентин,Бориславович,Осипова,+76931727987,leon31@example.net,father
356,Феврония,Феликсович,Осипова,+74065254597,panfilovkarp@example.org,mother
357,Евстигней,Борисович,Андреев,+77619716698,emilija25@example.com,father
358,Варвара,Вячеславович,Андреев,+71607383033,fadeevlongin@example.net,mother
359,Петр,Афанасьевна,Исаев,+71279541204,danilovernest@example.org,father
360,Зоя,Федосеевич,Исаев,+77656941154,hristofor_07@example.com,mother
361,Велимир,Андреевна,Семенова,+73245470578,ivan62@example.net,father
362,Елизавета,Владиленович,Семенова,+71774272498,zbeljaev@example.com,mother
363,Кондратий,Федотович,Кузьмина,+74733519342,ermil_2025@example.net,father
364,Анастасия,Федосеевич,Кузьмина,+72236688025,milanmarkov@example.com,mother
365,Иларион,Игнатович,Комарова,+72876977817,xharitonova@example.org,father
366,Евгения,Аркадьевна,Комарова,+76079321942,smuhina@example.com,mother
367,Дорофей,Ярославович,Кононов,+70709866255,fominemmanuil@example.com,father
368,Тамара,Афанасьевич,Кононов,+73835452073,jkuznetsov@example.org,mother
369,Потап,Устинович,Буров,+79731070274,anzhela2003@example.org,father
370,Феврония,Дорофеевич,Буров,+79693034867,xpestova@example.com,mother
371,Никодим,Богдановна,Красильников,+72631877485,evpraksija39@example.org,father
372,Глафира,Димитриевич,Красильников,+78628659324,ksenija_2008@example.org,mother
373,Ратибор,Артёмович,Денисова,+74143246815,ippolitmuhin@example.org,father
374,Евдокия,Афанасьевна,Денисова,+77244377265,seliverstovdenis@example.com,mother
375,Стоян,Феодосьевич,Ларионова,+78873884606,naumovladislav@example.com,father
376,Таисия,Егоровна,Ларионова,+72994337351,osip27@example.net,mother
377,Иосиф,Васильевич,Комарова,+75080633612,blohinnifont@example.com,father
378,Ирина,Федосьевич,Комарова,+78777071535,nifontbolshakov@example.com,mother
379,Онуфрий,Теймуразович,Михеева,+70593508712,ifilippova@example.com,father
380,Октябрина,Аксёнович,Михеева,+76045719652,grishinaskold@example.net,mother
381,Тарас,Фролович,Субботина,+71908750584,jnikitin@example.org,father
382,Евдокия,Брониславович,Субботина,+74646805477,mgushchina@example.net,mother
383,Яков,Адамович,Пономарева,+77035911045,morozovandron@example.net,father
384,Ксения,Владиславович,Пономарева,+79558392473,nosovavksenti@example.com,mother
385,Гостомысл,Харитоновна,Юдин,+75457433423,onufri_66@example.com,father
386,Антонина,Харлампович,Юдин,+79025809322,chernovtrofim@example.net,mother
387,Натан,Андреевич,Шашкова,+77985861918,sila69@example.com,father
388,Галина,Эдгардович,Шашкова,+74999821226,trofim2006@example.net,mother
389,Радислав,Феликсович,Зыков,+72840701455,vatslav2019@example.org,father
390,Мария,Георгиевич,Зыков,+77373460764,terenti_2016@example.net,mother
391,Ананий,Натановна,Наумов,+79881389510,ndjachkov@example.com,father
392,Жанна,Жоресович,Наумов,+79881648109,jakovkrasilnikov@example.com,mother
393,Модест,Адамович,Марков,+74838487201,prokofi_1977@example.org,father
394,Евпраксия,Романовна,Марков,+75893804922,stojankuzmin@example.net,mother
395,Станислав,Захаровна,Козлов,+70361466992,nikon_2006@example.com,father
396,Лора,Феофанович,Козлов,+79954950746,anzhelika2016@example.net,mother
397,Ипатий,Валерианович,Ермакова,+71425008579,florentin2015@example.com,father
398,Любовь,Артемьевич,Ермакова,+71826919425,matveevoleg@example.org,mother
399,Сергей,Антипович,Селезнев,+70638926365,gromovizot@example.org,father
400,Тамара,Харитоновна,Селезнев,+71652934230,valeri_1980@example.net,mother
401,Ипат,Дмитриевна,Архипова,+73579049671,dshashkova@example.com,father
402,Фотий,Антонович,Шаров,+75739653734,miroslav30@example.com,father
403,Алла,Ефремович,Шаров,+77456669398,fedosi_1987@example.net,mother
404,Юлий,Владиславович,Пахомова,+78856210920,anastasija77@example.org,father
405,Евгения,Руслановна,Пахомова,+70208283419,shcherbakovvsemil@example.com,mother
406,Софрон,Филипповна,Гуляева,+78691562305,sharovevstafi@example.org,father
407,Ия,Еремеевич,Гуляева,+72321409388,agafonovaevgenija@example.org,mother
408,Емельян,Николаевна,Афанасьев,+70514495074,komarovfrol@example.org,father
409,Глафира,Богдановна,Афанасьев,+75615799756,petrtsvetkov@example.com,mother
410,Всемил,Тарасовна,Зуева,+74762812435,marian1998@example.com,father
411,Евпраксия,Дмитриевна,Зуева,+70455724290,kostinerofe@example.org,mother
412,Пахом,Ильинична,Котова,+75857848283,vadim_1995@example.net,father
413,Маргарита,Арсеньевич,Котова,+78730829467,fokinstanimir@example.com,mother
414,Измаил,Алексеевна,Новиков,+78787875090,gpestov@example.com,father
415,Пелагея,Болеславовна,Новиков,+76256217118,sidorovaverjan@example.net,mother
416,Наркис,Николаевна,Гаврилова,+70545771691,djachkovaoksana@example.com,father
417,Елена,Тимофеевна,Гаврилова,+71374433316,efim21@example.net,mother
418,Сократ,Денисович,Хохлов,+72838903021,arhip67@example.com,father
419,Валерия,Димитриевич,Хохлов,+75763371710,amvrosi_1974@example.com,mother
420,Аникита,Вениаминовна,Карпова,+74139416387,hvorobeva@example.org,father
421,Лукия,Ефимовна,Карпова,+76447083460,bronislavgavrilov@example.com,mother
422,Януарий,Гаврилович,Федотова,+74152586918,nikiforovnazar@example.com,father
423,Иларион,Юльевна,Романов,+71419034114,valeri61@example.com,father
424,Артемий,Фокич,Меркушева,+78534584854,ckudrjashov@example.net,father
425,Майя,Владиславович,Меркушева,+70435926557,iraida_2006@example.net,mother
426,Климент,Викентьевич,Вишнякова,+72735962160,taras_1979@example.net,father
427,Екатерина,Тимурович,Вишнякова,+77381213577,varfolome_1973@example.com,mother
428,Тарас,Викентьевич,Морозова,+72251654691,vkoshelev@example.org,father
429,Нинель,Федосеевич,Морозова,+73421458301,olimpi_83@example.com,mother
430,Эрнест,Артемьевич,Зыкова,+79886479167,artem_47@example.net,father
431,Эмилия,Фролович,Зыкова,+72668861799,alekse_14@example.com,mother
432,Ефрем,Артурович,Крюков,+78737305375,sidor_1992@example.com,father
433,Прасковья,Святославовна,Крюков,+73350411932,avde2009@example.net,mother
434,Мартын,Аксёнович,Прохоров,+77628236292,ninel_2005@example.org,father
435,Раиса,Ермилович,Прохоров,+78427023436,matve10@example.com,mother
436,Станимир,Аркадьевна,Зуева,+78810335409,orestbragin@example.net,father
437,Прасковья,Федосьевич,Зуева,+76068162400,yagafonov@example.org,mother
438,Афанасий,Богданович,Силина,+75857392013,nikolaevanike@example.net,father
439,Нина,Исидорович,Силина,+79031390376,vladimir_1970@example.com,mother
440,Демьян,Фёдорович,Абрамов,+72160495530,galina08@example.net,father
441,Галина,Геннадиевна,Абрамов,+71640905838,mihalovparamon@example.net,mother
442,Никифор,Фадеевич,Исаков,+72608173195,ipat64@example.net,father
443,Осип,Геннадиевна,Данилова,+72123625613,kornilovairaida@example.com,father
444,Натан,Ильич,Рожков,+73320898093,luchezar47@example.net,father
445,Виктория,Витальевич,Рожков,+70189909029,svjatoslav_51@example.org,mother
446,Артем,Абрамович,Осипов,+71589480011,galina_2015@example.org,father
447,Полина,Наумовна,Осипов,+70712719606,naina_1973@example.org,mother
448,Никандр,Харитонович,Архипов,+72117675435,stepankirillov@example.org,father
449,Силантий,Георгиевич,Михайлова,+72499937787,platon34@example.net,father
450,Пелагея,Демидович,Михайлова,+74543040200,oprohorov@example.com,mother
451,Игнатий,Бенедиктович,Лыткина,+75186778559,fomichevrjurik@example.com,father
452,Валерия,Леоновна,Лыткина,+70911300505,gorde1987@example.com,mother
453,Дементий,Вячеславович,Блохин,+71542625171,lavdeeva@example.org,father
454,Фаина,Афанасьевич,Блохин,+76223736853,gushchinaevgenija@example.net,mother
455,Харитон,Павловна,Ильин,+76523143533,petrovavasilisa@example.com,father
456,Тамара,Васильевна,Ильин,+72734425330,varfolome_1980@example.org,mother
457,Никодим,Филатович,Михеев,+75838353936,jakushevmartin@example.net,father
458,Алла,Леоновна,Михеев,+76430696645,iraida_2008@example.org,mother
459,Юлиан,Афанасьевич,Бобылев,+78587942259,jfilippov@example.org,father
460,Тимур,Виленович,Жданова,+71346518350,bogdanovazinaida@example.org,father
461,Юлия,Ааронович,Жданова,+77539014713,nikolaevratmir@example.com,mother
462,Аким,Бенедиктович,Яковлева,+75496552113,arefi1972@example.com,father
463,Евдокия,Бориславович,Яковлева,+77162856006,volkovleonid@example.com,mother
464,Филимон,Алексеевна,Мясников,+73089831073,lorlova@example.net,father
465,Антонина,Тихонович,Мясников,+75662553411,lnoskova@example.org,mother
466,Милован,Викентьевич,Комарова,+79106363930,komissarovatatjana@example.org,father
467,Пелагея,Владимировна,Комарова,+75358036286,dorofe_2009@example.net,mother
468,Эммануил,Игнатович,Игнатьев,+73017728068,birjukovnestor@example.net,father
469,Лора,Ефремович,Игнатьев,+78552378921,vladimir_2013@example.org,mother
470,Борислав,Давыдович,Алексеева,+71154842137,shestakovemeljan@example.net,father
471,Ия,Харитонович,Алексеева,+72969898074,georgi2006@example.org,mother
472,Фирс,Вадимовна,Бирюкова,+78825509924,anisimovlavr@example.com,father
473,Алина,Геннадьевна,Бирюкова,+72323485514,boleslav_2001@example.net,mother
474,Селиван,Ермилович,Киселев,+74087868222,kononovaanzhelika@example.com,father
475,Евсей,Валерьянович,Куликов,+74953429642,eliseshestakov@example.com,father
476,Анастасия,Александровна,Куликов,+73289625964,stanislav1999@example.net,mother
477,Ермил,Антонович,Ефимова,+73660280437,posipova@example.com,father
478,Надежда,Ефстафьевич,Ефимова,+74235238820,ljubosmislrogov@example.org,mother
479,Савва,Феликсовна,Шашков,+73914447609,akulina_1989@example.com,father
480,Вацлав,Ильясович,Федотов,+79127569333,anatoli2001@example.net,father
481,Владлен,Брониславович,Романова,+71911421617,vladislav_71@example.org,father
482,Нина,Святославовна,Романова,+74644970571,seleznevsaveli@example.net,mother
483,Геннадий,Феликсович,Щукин,+70499840467,elena32@example.com,father
484,Агата,Фёдорович,Щукин,+71223884418,filimon2014@example.net,mother
485,Максимильян,Егорович,Максимов,+72868583997,samuil86@example.com,father
486,Елизавета,Евстигнеевич,Максимов,+70545392796,rjurik1980@example.net,mother
487,Будимир,Ефстафьевич,Исакова,+71570199637,gorbachevivan@example.net,father
488,Зинаида,Егоровна,Исакова,+70876271198,orehovcheslav@example.com,mother
489,Потап,Ефремович,Туров,+79338764901,taisija_24@example.net,father
490,Евпраксия,Давыдович,Туров,+73220041842,valentin2009@example.com,mother
491,Мирослав,Иосипович,Овчинникова,+73013096107,petr2002@example.com,father
492,Виктория,Александровна,Овчинникова,+75312764291,dlapina@example.net,mother
493,Ермолай,Адамович,Хохлова,+79465566211,nadezhda_2015@example.com,father
494,Феврония,Данилович,Хохлова,+77867410189,samuil1971@example.org,mother
495,Пров,Альбертовна,Афанасьева,+73373596545,terentirozhkov@example.org,father
496,Регина,Болеславовна,Афанасьева,+79110839879,vbogdanov@example.org,mother
497,Лукьян,Наумовна,Фокина,+73722689291,orest02@example.com,father
498,Нина,Яковлевич,Фокина,+76611919617,wkazakov@example.org,mother
499,Всеволод,Федосеевич,Носкова,+79466020946,juri_95@example.net,father
500,Евгения,Фомич,Носкова,+73893573308,tit53@example.com,mother
501,Митофан,Брониславович,Богданов,+78510080624,oksana_2022@example.com,father
502,Полина,Натановна,Богданов,+77754666546,ija_21@example.com,mother
503,Мирон,Викторовна,Симонова,+77715794598,gavrila1977@example.net,father
504,Анна,Наумовна,Симонова,+74584366887,lihacheverast@example.net,mother
505,Евгений,Вениаминовна,Антонова,+70636681185,krasilnikovaagafja@example.org,father
506,Екатерина,Абрамович,Антонова,+79913243822,xjakovlev@example.com,mother
507,Аверкий,Власович,Суворова,+75123984361,birjukovatatjana@example.com,father
508,София,Эдуардовна,Суворова,+79784433885,kasjansharov@example.net,mother
509,Глеб,Измаилович,Рожкова,+71079096022,pimen32@example.net,father
510,Феврония,Фомич,Рожкова,+73866556912,avdeevbronislav@example.com,mother
511,Сильвестр,Афанасьевич,Исаков,+74851316420,popovavera@example.net,father
512,Анна,Макаровна,Исаков,+71253840428,elizar2022@example.com,mother
513,Радислав,Федосеевич,Авдеева,+73088474721,filippovaija@example.net,father
514,Валерия,Германович,Авдеева,+77216678643,davidovkuzma@example.com,mother
515,Кондратий,Демидович,Игнатьева,+77446570871,firs_1986@example.com,father
516,Трифон,Артёмович,Кулагина,+71054087217,shestakovluka@example.org,father
517,Элеонора,Трифонович,Кулагина,+75616237712,filaretmelnikov@example.com,mother
518,Всемил,Артемовна,Марков,+76417493787,terenti1993@example.com,father
519,Людмила,Степановна,Марков,+79078919810,alekse_27@example.org,mother
520,Иларион,Матвеевна,Вишняков,+75736711389,zjudin@example.org,father
521,Нина,Эдгардович,Вишняков,+73598562107,viktor_2013@example.com,mother
522,Юрий,Изотович,Брагин,+75678761346,samsonovamos@example.org,father
523,Октябрина,Артемьевич,Брагин,+76655678099,larionovcheslav@example.net,mother
524,Всемил,Артемьевич,Денисов,+78876466845,januari_1993@example.net,father
525,Иванна,Ааронович,Денисов,+70407112175,cbelousova@example.com,mother
526,Софон,Артемьевич,Федоров,+78619552288,csidorov@example.org,father
527,Вера,Даниилович,Федоров,+74682665995,markovmefodi@example.net,mother
528,Ефим,Анисимович,Никифоров,+75846600253,rozhkovaveronika@example.org,father
529,Жанна,Федосьевич,Никифоров,+77405195930,muraveveduard@example.com,mother
530,Евстигней,Фокич,Новикова,+71951134280,stanimir1989@example.com,father
531,Пелагея,Викторовна,Новикова,+75336562424,shubinavalentina@example.com,mother
532,Василий,Антоновна,Орехова,+71282795432,adamtarasov@example.com,father
533,Ия,Матвеевна,Орехова,+73286358644,veselovkonon@example.net,mother
534,Модест,Георгиевна,Крылов,+72105433416,kozlovauljana@example.org,father
535,Ангелина,Марсович,Крылов,+78547981195,ibogdanov@example.com,mother
536,Прокофий,Семеновна,Кудряшов,+72412782764,litkinstepan@example.net,father
537,Арсений,Андреевна,Александрова,+71279283423,vkulakov@example.org,father
538,Феврония,Германович,Александрова,+75124445574,mihepetrov@example.net,mother
539,Аркадий,Ефимович,Кудряшов,+72016937108,stojan_2017@example.com,father
540,Фаина,Валентиновна,Кудряшов,+78788947901,pantelemon1993@example.org,mother
541,Марк,Ефстафьевич,Костина,+74688114160,lebedevjakov@example.net,father
542,Нинель,Ефремович,Костина,+78970263943,afinogen_2003@example.org,mother
543,Савелий,Робертовна,Самсонова,+76208685920,mefimov@example.com,father
544,Феврония,Артурович,Самсонова,+70889468193,avtonom_85@example.com,mother
545,Феофан,Болеславовна,Блохина,+75262684808,nazarovvadim@example.org,father
546,Нонна,Герасимович,Блохина,+74769383268,demjan10@example.org,mother
547,Казимир,Филимонович,Абрамова,+74495354509,arefi1991@example.com,father
548,Феврония,Димитриевич,Абрамова,+79030016967,avgustpopov@example.net,mother
549,Юлиан,Валерианович,Гурьева,+71938017973,varvara_82@example.net,father
550,Лора,Ааронович,Гурьева,+76402477905,tatjana_2018@example.net,mother
551,Чеслав,Егорович,Силин,+74720413817,fokinsamson@example.org,father
552,Евгения,Адрианович,Силин,+76455341309,ustinovfortunat@example.org,mother
553,Ипатий,Арсенович,Борисов,+79037569927,arhipkirillov@example.org,father
554,Ксения,Ермолаевич,Борисов,+77836093256,dlavrenteva@example.net,mother
555,Пантелеймон,Ниловна,Лукина,+73887233135,fokintrifon@example.com,father
556,Трофим,Иларионович,Кононов,+75830603921,elizar2002@example.net,father
557,Иванна,Филатович,Кононов,+73793668905,evseevsvjatoslav@example.com,mother
558,Ермолай,Харлампович,Нестерова,+74234410113,silinlongin@example.com,father
559,Маргарита,Владленович,Нестерова,+70635553428,izot2017@example.net,mother
560,Рюрик,Захарьевич,Абрамов,+72054088464,antonina2020@example.com,father
561,Ираида,Кузьминична,Абрамов,+74525300849,evdokija28@example.com,mother
562,Софон,Григорьевич,Шашков,+70220986879,galaktion02@example.net,father
563,Нинель,Феоктистович,Шашков,+70369360763,rostislav_71@example.org,mother
564,Петр,Александровна,Соловьев,+76279857708,florentinmoiseev@example.org,father
565,Александра,Григорьевна,Соловьев,+78686724811,elise_1996@example.org,mother
566,Дорофей,Антонович,Кошелева,+74879183770,varlaam1997@example.org,father
567,Галина,Натановна,Кошелева,+76621635819,bobilevkasjan@example.net,mother
568,Харитон,Филиппович,Кудрявцева,+70737510124,konstantinovmartin@example.org,father
569,Ангелина,Евгеньевна,Кудрявцева,+79771480252,whohlov@example.com,mother
570,Юрий,Евсеевич,Мартынова,+70831986236,kozlovvatslav@example.org,father
571,Тамара,Игоревич,Мартынова,+75002182139,vladilen97@example.com,mother
572,Евсей,Афанасьевич,Овчинников,+73853663207,kazakovilarion@example.com,father
573,Оксана,Яковлевич,Овчинников,+75192833112,trifontarasov@example.net,mother
574,Эммануил,Устинович,Потапов,+70427309785,roman_48@example.org,father
575,Надежда,Ефремович,Потапов,+76937376377,tsavina@example.net,mother
576,Милан,Валентиновна,Гаврилова,+70255775843,tihon_64@example.net,father
577,Людмила,Рубеновна,Гаврилова,+72077777151,kulikovprohor@example.org,mother
578,Тихон,Романовна,Селиверстов,+70811482634,varfolomemartinov@example.net,father
579,Зинаида,Фадеевич,Селиверстов,+79729771722,kuzma08@example.net,mother
580,Якуб,Александрович,Устинов,+71955244821,fomintit@example.net,father
581,Регина,Васильевна,Устинов,+71848430054,sokrat2011@example.com,mother
582,Елисей,Иосипович,Ермаков,+76076015418,xdoronina@example.com,father
583,Юлиан,Владимировна,Чернов,+72605290869,wblinova@example.org,father
584,Вера,Якубович,Чернов,+70644159765,shubinmatve@example.net,mother
585,Радислав,Александровна,Фролов,+77208177498,silinbronislav@example.net,father
586,Людмила,Всеволодович,Фролов,+71331032761,sisoevavgust@example.net,mother
587,Демьян,Валериевна,Данилов,+74630299901,tarasgalkin@example.net,father
588,Антонина,Данилович,Данилов,+74155595281,tvorimir_32@example.com,mother
589,Селиверст,Богдановна,Новикова,+76273652885,dmitrievvalentin@example.net,father
590,Екатерина,Ефремович,Новикова,+71238770092,nadezhda1981@example.com,mother
591,Александр,Гаврилович,Кузьмин,+73708451408,ruslanfedoseev@example.org,father
592,Лора,Виленович,Кузьмин,+72677449940,petrovatamara@example.com,mother
593,Назар,Юлианович,Белова,+71523485835,djachkovaagafja@example.net,father
594,Исидор,Елизарович,Гаврилова,+71212572653,ustinovalarisa@example.net,father
595,Светлана,Николаевна,Гаврилова,+76178130572,evdokija72@example.com,mother
596,Ювеналий,Августович,Павлова,+74870666149,panovsofron@example.org,father
597,Варвара,Константиновна,Павлова,+79999207667,komissarovaraisa@example.com,mother
598,Юлиан,Ануфриевич,Фролова,+70800722953,elena_2005@example.org,father
599,Агата,Руслановна,Фролова,+70952330119,litkinspartak@example.com,mother
600,Митофан,Леонидовна,Морозов,+71938292135,feofan46@example.com,father
601,Вера,Валерианович,Морозов,+76804995235,maksimovaalevtina@example.org,mother
602,Ян,Елизарович,Королева,+74945997854,ladislav_1980@example.net,father
603,Алла,Дорофеевич,Королева,+70385895190,iosif_43@example.org,mother
604,Кондрат,Адамович,Большаков,+78729899288,martinovluchezar@example.com,father
605,Викентий,Аверьянович,Емельянов,+78954530716,egorovaeleonora@example.com,father
606,Ольга,Герасимович,Емельянов,+73413641774,klavdi2022@example.com,mother
607,Панкрат,Станиславовна,Доронин,+77594473065,dorofeevtaras@example.com,father
608,Ульяна,Архипович,Доронин,+79972556030,haritondrozdov@example.net,mother
609,Карп,Кузьминична,Зиновьев,+78430603441,silvestr1992@example.org,father
610,Татьяна,Елисеевич,Зиновьев,+79475386633,ruslan_1997@example.org,mother
611,Карл,Архипович,Федотова,+78612845243,jaroslav1996@example.com,father
612,Вероника,Антипович,Федотова,+78622988425,shirjaevaanzhela@example.net,mother
613,Мариан,Ниловна,Шестакова,+79595444305,tamara1998@example.net,father
614,Анастасия,Авдеевич,Шестакова,+79895688623,sazonovanani@example.net,mother
615,Викентий,Артёмович,Данилов,+78564382444,kir04@example.com,father
616,Эмилия,Кузьминична,Данилов,+73573371052,veniamin43@example.com,mother
617,Мина,Устинович,Комарова,+71194745967,jakov81@example.org,father
618,Акулина,Фёдорович,Комарова,+79606351059,narkis_1996@example.com,mother
619,Вениамин,Исидорович,Воронцова,+73338807961,kulakovaskold@example.net,father
620,Оксана,Афанасьевна,Воронцова,+75855238918,zhanna2021@example.org,mother
621,Лонгин,Архипович,Жукова,+71407394052,varfolomesamsonov@example.org,father
622,Сила,Бориславович,Емельянова,+78665361517,gavrilovnatan@example.com,father
623,Анжелика,Харитоновна,Емельянова,+74407038706,maksimiljan_1987@example.net,mother
624,Наум,Евстигнеевич,Никифоров,+79727085917,strelkovfirs@example.net,father
625,Олимпиада,Ивановна,Никифоров,+72708482465,petuhovelise@example.org,mother
626,Савва,Андреевич,Овчинникова,+77246665914,makarovasofija@example.org,father
627,Евфросиния,Власович,Овчинникова,+74420781389,agafon_1972@example.net,mother
628,Антип,Зиновьевич,Григорьев,+79390627028,fedosi1989@example.com,father
629,Акулина,Аксёнович,Григорьев,+70633785753,luchezar_78@example.org,mother
630,Адриан,Ярославович,Маслова,+70700294336,krilovguri@example.net,father
631,Евгений,Харлампович,Зыкова,+76649977761,qnikiforov@example.com,father
632,Милица,Васильевна,Зыкова,+78393388102,viktor_90@example.com,mother
633,Феоктист,Максимовна,Степанова,+78915408099,chernovrostislav@example.net,father
634,Акулина,Вячеславовна,Степанова,+71286345617,litkinjaropolk@example.com,mother
635,Потап,Димитриевич,Емельянов,+72563470477,oktjabrina27@example.com,father
636,Ольга,Иосипович,Емельянов,+71849572731,irina_2021@example.com,mother
637,Фирс,Геннадьевна,Лаврентьева,+78613035426,samuil_65@example.org,father
638,Светозар,Гертрудович,Кабанова,+77831096756,samolovmilan@example.net,father
639,Ия,Изотович,Кабанова,+75318970567,stanimir1995@example.net,mother
640,Демьян,Степановна,Петухов,+74070811193,subbotinamarija@example.net,father
641,Полина,Арсеньевич,Петухов,+74728592083,egorpanov@example.com,mother
642,Добромысл,Эльдаровна,Рябова,+74389955060,medvedevaglafira@example.com,father
643,Марина,Давыдович,Рябова,+79196547662,nikola05@example.com,mother
644,Пантелеймон,Евстигнеевич,Гордеева,+70683996197,nina_46@example.org,father
645,Фаина,Ниловна,Гордеева,+74410266051,komarovazoja@example.org,mother
646,Мир,Юлианович,Герасимова,+75309003518,modest_46@example.net,father
647,Анжела,Юльевна,Герасимова,+75745881064,bikovmiroslav@example.org,mother
648,Вацлав,Святославовна,Никонов,+70707293257,rgrigorev@example.com,father
649,Лидия,Тихонович,Никонов,+75575056614,svetozar_14@example.com,mother
650,Сильвестр,Адрианович,Григорьева,+79914772633,zuevanina@example.org,father
651,Ангелина,Брониславович,Григорьева,+78034796652,selivan01@example.org,mother
652,Денис,Тимурович,Кошелева,+72591941539,grigorigrishin@example.com,father
653,Людмила,Иосипович,Кошелева,+76366488437,sergeevbronislav@example.net,mother
654,Радован,Фокич,Мельникова,+74362252236,fade_44@example.net,father
655,Ольга,Юрьевна,Мельникова,+70679435745,martin64@example.net,mother
656,Амос,Демидович,Матвеева,+77613031056,evdokimovvjacheslav@example.org,father
657,Людмила,Ивановна,Матвеева,+72241264999,kabanovemil@example.org,mother
658,Кузьма,Вениаминовна,Орлов,+72606620510,isakovnikita@example.org,father
659,Антонина,Васильевич,Орлов,+78504472260,mina61@example.com,mother
660,Устин,Федоровна,Фадеев,+73741665672,marija_60@example.org,father
661,Евдокия,Ярославович,Фадеев,+75559982953,artemevcheslav@example.net,mother
662,Симон,Викторович,Михайлова,+76585215233,simonovpolikarp@example.org,father
663,Кондратий,Никифоровна,Рожкова,+73309841716,gkazakov@example.com,father
664,Пелагея,Ефимьевич,Рожкова,+79918307310,vatslav_2003@example.net,mother
665,Климент,Афанасьевна,Владимирова,+72345053691,anatoli_2002@example.com,father
666,Фёкла,Терентьевич,Владимирова,+70982727892,gostomisl_23@example.com,mother
667,Исай,Трофимович,Потапов,+78192361941,silanti2019@example.org,father
668,Лариса,Евгеньевна,Потапов,+72550478270,kornil_91@example.com,mother
669,Устин,Афанасьевна,Дорофеева,+76119259282,rusakovspiridon@example.com,father
670,Пелагея,Вадимовна,Дорофеева,+77649442429,darja_68@example.net,mother
671,Будимир,Абрамович,Егорова,+70696399607,ruben_89@example.org,father
672,Вера,Степановна,Егорова,+75426131611,pimenponomarev@example.org,mother
673,Модест,Ивановна,Макаров,+76303398495,solomon1992@example.com,father
674,Валерий,Анисимович,Колобова,+70241041218,kevseeva@example.com,father
675,Ангелина,Ефимьевич,Колобова,+77461516925,tverdislav_48@example.net,mother
676,Никандр,Владленович,Николаев,+76580343310,eduard_1988@example.org,father
677,Оксана,Трифонович,Николаев,+79519093942,svjatoslavavdeev@example.com,mother
678,Игнатий,Харламович,Пахомова,+71555837400,uvarovkarp@example.com,father
679,Евфросиния,Жанович,Пахомова,+77737316511,pfedotova@example.org,mother
680,Алексей,Тарасович,Суханов,+79956816409,hristofor1988@example.net,father
681,Нонна,Андреевна,Суханов,+76082966848,larisa_2006@example.com,mother
682,Иосиф,Болеславовна,Иванов,+75544674632,larionovvlas@example.net,father
683,Павел,Зиновьевич,Гусева,+74139067539,natan_2022@example.com,father
684,Лора,Фадеевич,Гусева,+73711618117,viktorinmolchanov@example.com,mother
685,Руслан,Марсович,Калашникова,+74356692268,ruben_95@example.com,father
686,Иванна,Болеславовна,Калашникова,+74042053343,turovgleb@example.com,mother
687,Пров,Иосипович,Лыткин,+78209561589,andronfedoseev@example.net,father
688,Зинаида,Тимуровна,Лыткин,+70645030647,andreromanov@example.net,mother
689,Азарий,Тимуровна,Николаев,+74149623791,qshirjaev@example.net,father
690,Евпраксия,Геннадьевна,Николаев,+71676784166,anani2007@example.net,mother
691,Сергей,Елизарович,Стрелкова,+74790922215,andreevaraisa@example.net,father
692,Святополк,Харлампьевич,Пахомова,+76296898571,frolovazoja@example.org,father
693,Ксения,Рудольфовна,Пахомова,+76302378627,milankudrjashov@example.com,mother
694,Афанасий,Олеговна,Журавлева,+79909843779,julian_2014@example.com,father
695,Елена,Венедиктович,Журавлева,+79194986905,eleonora62@example.net,mother
696,Василий,Аксёнович,Артемьева,+71366803140,elise30@example.com,father
697,Светлана,Антоновна,Артемьева,+71954612993,vladilen_54@example.org,mother
698,Святополк,Адрианович,Ковалева,+70629262480,tagafonov@example.org,father
699,Виктория,Жанович,Ковалева,+79392494941,agge_2012@example.org,mother
700,Гедеон,Харламович,Мартынова,+73927041920,xkozlov@example.com,father
701,Валентина,Валентиновна,Мартынова,+77134265059,baranovisa@example.com,mother
702,Аким,Геннадиевич,Савельева,+77465019133,makargorbachev@example.org,father
703,Марина,Алексеевна,Савельева,+78579418136,korolevfoma@example.com,mother
704,Мир,Геннадьевна,Князева,+78189651078,valerjan_54@example.com,father
705,Ия,Владиславович,Князева,+76327073766,gremislav_2013@example.org,mother
706,Роман,Антипович,Хохлов,+77396842728,orehovkazimir@example.org,father
707,Тамара,Арсеньевич,Хохлов,+75399938476,rjabovalora@example.net,mother
708,Роман,Станиславовна,Карпова,+76933980951,innokentinaumov@example.com,father
709,Алина,Фролович,Карпова,+78026452880,zinoveveduard@example.net,mother
710,Сильвестр,Брониславович,Корнилова,+76939523517,ermola48@example.net,father
711,Еремей,Аскольдовна,Коновалов,+75645866459,ukomarova@example.net,father
712,Элеонора,Архиповна,Коновалов,+73350816101,lavrentiribakov@example.net,mother
713,Валентин,Теймуразович,Юдина,+79857763808,ksenija1971@example.com,father
714,Зоя,Геннадьевна,Юдина,+75129409894,rodion_37@example.org,mother
715,Евсей,Даниилович,Красильников,+79824996792,andronik_2000@example.net,father
716,Валерия,Изотович,Красильников,+76706402705,marija_07@example.com,mother
717,Денис,Богданович,Носова,+74590198283,turovaanna@example.com,father
718,Елизавета,Даниилович,Носова,+72233517722,karp2011@example.net,mother
719,Арефий,Ярославович,Игнатьев,+70400776740,ljubov_2005@example.net,father
720,Спартак,Андреевич,Емельянов,+77534179474,sofonignatov@example.org,father
721,Фаина,Якубович,Емельянов,+75792638010,martinovauljana@example.net,mother
722,Гурий,Святославовна,Логинов,+70912955419,dementi2007@example.com,father
723,Екатерина,Феоктистович,Логинов,+77832947999,anani1971@example.net,mother
724,Венедикт,Даниилович,Шестаков,+73110016285,seliverst_2011@example.com,father
725,Анна,Степановна,Шестаков,+79685203541,selivan16@example.com,mother
726,Поликарп,Марсович,Лапина,+70314142261,janfedorov@example.net,father
727,Мирон,Рубеновна,Горбачева,+75599682782,ivasileva@example.org,father
728,София,Александровна,Горбачева,+70085932266,pestovaemilija@example.org,mother
729,Эрнст,Феликсович,Александрова,+75360791925,mstislav_1992@example.net,father
730,Ирина,Венедиктович,Александрова,+77715806733,tsvetkovaaleksandra@example.com,mother
731,Илья,Денисович,Андреев,+71748135275,evgenija_1996@example.org,father
732,Алевтина,Терентьевич,Андреев,+77215762430,pzaharov@example.org,mother
733,Сильвестр,Никифоровна,Козлова,+74032321000,kiselevaksenija@example.org,father
734,Пелагея,Харитоновна,Козлова,+70763960518,serafim1976@example.org,mother
735,Григорий,Захаровна,Матвеева,+70037326886,nikandr1987@example.net,father
736,Агафья,Владиславовна,Матвеева,+74032828610,glafira2004@example.net,mother
737,Руслан,Степановна,Буров,+72308884091,darja11@example.net,father
738,Василиса,Ильясович,Буров,+73343192011,lpanfilov@example.net,mother
739,Изяслав,Гертрудович,Тарасова,+76327937796,terentikudrjashov@example.org,father
740,Нонна,Всеволодович,Тарасова,+78277618912,bkonovalova@example.net,mother
741,Прокл,Ильясович,Беляев,+76400408734,trifonromanov@example.org,father
742,Алевтина,Юрьевна,Беляев,+71222489584,rsoboleva@example.net,mother
743,Савватий,Ааронович,Романова,+76039221694,evgeni_37@example.org,father
744,Варвара,Кузьминична,Романова,+75204687070,antonin1978@example.org,mother
745,Исай,Иосифович,Котова,+74841483235,kiselevradovan@example.net,father
746,Анна,Денисович,Котова,+70848590004,nikandr88@example.net,mother
747,Андрон,Тимурович,Чернов,+78857174790,shestakovapolina@example.org,father
748,Галина,Евсеевич,Чернов,+78793762360,pankrat_2007@example.net,mother
749,Прокофий,Михайловна,Смирнова,+73249011804,gordenikonov@example.net,father
750,Тамара,Львовна,Смирнова,+73399306930,zinovevasofija@example.com,mother
751,Семен,Тимуровна,Ларионова,+79945075588,androndjachkov@example.net,father
752,Таисия,Феофанович,Ларионова,+79936659716,isilin@example.org,mother
753,Рубен,Феликсович,Пахомова,+75633556626,kolesnikovvladimir@example.org,father
754,Осип,Евсеевич,Горшкова,+76763414288,marian_1994@example.net,father
755,Ангелина,Викторович,Горшкова,+78371872539,silin@example.com,mother
756,Аггей,Юльевич,Жданов,+74670474262,sila1992@example.net,father
757,Оксана,Матвеевна,Жданов,+78171429760,evseevgennadi@example.org,mother
758,Светозар,Рубеновна,Захаров,+78923064528,ratmir_30@example.com,father
759,Иванна,Николаевна,Захаров,+78348026431,stanimir86@example.org,mother
760,Эрнест,Артёмович,Боброва,+74972894553,koshelevfeofan@example.com,father
761,Светлана,Изотович,Боброва,+71100087158,parfen_1974@example.net,mother
762,Добромысл,Кирилловна,Носов,+74237368347,burovaglafira@example.net,father
763,Леон,Ефстафьевич,Захарова,+73185229534,larionovguri@example.net,father
764,Лора,Алексеевна,Захарова,+73753667570,vladlen_46@example.org,mother
765,Потап,Адрианович,Сысоева,+78322710375,sidor_31@example.net,father
766,Вера,Германович,Сысоева,+79074893559,silantiprohorov@example.net,mother
767,Архип,Бориславович,Лобанова,+76169385984,serge_49@example.org,father
768,Тихон,Авдеевич,Щербакова,+70919372896,sokolovspartak@example.com,father
769,Ираида,Афанасьевич,Щербакова,+71700716453,georgi_2013@example.com,mother
770,Викентий,Ааронович,Виноградов,+71795643132,andre96@example.com,father
771,Ия,Адрианович,Виноградов,+77505462023,gurevvarlaam@example.net,mother
772,Нифонт,Гордеевич,Бобылева,+77340549333,titvishnjakov@example.net,father
773,Валентина,Семеновна,Бобылева,+73522169083,svjatoslav1994@example.net,mother
774,Мариан,Трофимович,Игнатьева,+70416817629,silvestr_1993@example.com,father
775,Аполлон,Герасимович,Борисова,+73306454433,vjakusheva@example.org,father
776,Таисия,Бориславович,Борисова,+72041950433,isidor_82@example.net,mother
777,Август,Адрианович,Тетерина,+73330996338,aksenovamilitsa@example.org,father
778,Архип,Матвеевна,Савельев,+78317295341,naina_95@example.org,father
779,Зинаида,Федосеевич,Савельев,+76388473159,grigori37@example.org,mother
780,Серафим,Ждановна,Гущина,+70082785413,shubinaanzhela@example.org,father
781,Акулина,Фролович,Гущина,+71884762187,sisoevavarvara@example.org,mother
782,Кирилл,Федотович,Котов,+79411029560,sofron_22@example.org,father
783,Дарья,Рубеновна,Котов,+73678578379,arhipovamilitsa@example.com,mother
784,Елизар,Руслановна,Козлов,+73495292805,juri_1987@example.net,father
785,Анжела,Иосифович,Козлов,+73073414560,ilinaevfrosinija@example.org,mother
786,Ананий,Феодосьевич,Мельникова,+75758432490,emilija_1995@example.org,father
787,София,Васильевна,Мельникова,+77587930600,svjatopolk_19@example.org,mother
788,Эммануил,Андреевна,Жуков,+70598169911,qmatveeva@example.org,father
789,Феврония,Филатович,Жуков,+75846316908,rjabovermil@example.net,mother
790,Елизар,Васильевич,Орехова,+77678841690,polikarp82@example.org,father
791,Ольга,Фомич,Орехова,+75273529388,trofimnikonov@example.com,mother
792,Илья,Валерьянович,Ширяева,+72924730562,grigorevaveronika@example.org,father
793,Наталья,Тимурович,Ширяева,+70775709935,vladlen_67@example.org,mother
794,Виктор,Антоновна,Зыков,+71183493492,gerasimovavasilisa@example.org,father
795,Юлия,Игоревна,Зыков,+72764828546,vladilen_25@example.net,mother
796,Исай,Федосеевич,Панов,+76023543552,dorofe_2004@example.org,father
797,Оксана,Брониславович,Панов,+75535298301,vlasovaalina@example.net,mother
798,Сила,Степановна,Александрова,+71217166829,sofron_20@example.org,father
799,Олимпиада,Ильясович,Александрова,+76991430996,ustin2006@example.org,mother
800,Конон,Борисович,Виноградов,+73747881746,vasilevaanna@example.net,father
801,Ия,Аскольдовна,Виноградов,+74359629089,aleksandrovgennadi@example.com,mother
802,Демьян,Тарасовна,Кулагин,+74093587720,wseliverstov@example.org,father
803,Анастасия,Ефремович,Кулагин,+74574382524,ubobrov@example.net,mother
804,Лев,Борисович,Моисеев,+71210155173,vinogradovipat@example.net,father
805,Таисия,Кузьминична,Моисеев,+79247289955,kalashnikovfade@example.org,mother
806,Назар,Вениаминовна,Корнилова,+75210532284,milan_44@example.net,father
807,Иванна,Анисимович,Корнилова,+73764844553,ermil67@example.net,mother
808,Дмитрий,Феоктистович,Симонова,+73397896649,budimir2020@example.com,father
809,Евфросиния,Фёдорович,Симонова,+77227860814,ruben_37@example.com,mother
810,Галактион,Мироновна,Богданова,+76896244291,sobolevavalerija@example.org,father
811,Екатерина,Юрьевна,Богданова,+78602872423,potapovasofija@example.net,mother
812,Светозар,Августович,Беспалова,+74434384195,pimen_2015@example.net,father
813,Марина,Сергеевна,Беспалова,+72396998694,gedeon_93@example.net,mother
814,Демьян,Ефремович,Исаева,+78738092470,chernovisidor@example.com,father
815,Надежда,Феликсовна,Исаева,+75423808697,ostromirveselov@example.org,mother
816,Никифор,Михайловна,Сафонова,+76623347728,kabanovzinovi@example.com,father
817,Капитон,Тимуровна,Якушев,+77931195006,timofeevaakulina@example.net,father
818,Лукия,Данилович,Якушев,+72853789405,dkomarova@example.net,mother
819,Феофан,Фадеевич,Лукина,+75681121846,kuprijanmihalov@example.org,father
820,Варвара,Архиповна,Лукина,+71915804110,zhuravlevpankrat@example.org,mother
821,Петр,Богданович,Орехов,+79446785990,ekaterina_2012@example.net,father
822,Родион,Рудольфовна,Кабанов,+71279840483,adrianjudin@example.com,father
823,Тарас,Феофанович,Артемьев,+74426564168,samuil_98@example.org,father
824,Алла,Данилович,Артемьев,+71237052557,hgrigoreva@example.com,mother
825,Демьян,Валерьянович,Матвеева,+71905640335,klavdi49@example.org,father
826,Зоя,Тимуровна,Матвеева,+72495564627,ermakovazinaida@example.net,mother
827,Пахом,Антипович,Герасимов,+78797660489,ziminevse@example.net,father
828,Марина,Тимурович,Герасимов,+79039694133,gordeevlavrenti@example.org,mother
829,Рюрик,Гавриилович,Лебедева,+78489943419,antoninloginov@example.net,father
830,Феврония,Феоктистович,Лебедева,+70794721728,romanovkasjan@example.org,mother
831,Каллистрат,Семеновна,Куликов,+71191043675,kudrjashovveniamin@example.org,father
832,Алла,Тимофеевна,Куликов,+72437227747,hodintsova@example.com,mother
833,Филарет,Всеволодович,Никонов,+76350901889,prokl_13@example.org,father
834,Ангелина,Валентинович,Никонов,+76522638783,bshashkova@example.org,mother
835,Аристарх,Трифонович,Силина,+75167588327,milovan_68@example.org,father
836,Евдокия,Терентьевич,Силина,+78125834538,zikovmechislav@example.com,mother
837,Стоян,Эдгарович,Кабанов,+72341498409,platon_1985@example.org,father
838,Фадей,Станиславовна,Щукина,+78030393356,tamara59@example.com,father
839,Кира,Григорьевич,Щукина,+74815037999,nazarovmefodi@example.com,mother
840,Фотий,Витальевич,Мясникова,+75601690627,avde19@example.net,father
841,Серафим,Елизарович,Баранов,+70267022105,dmitrievagalina@example.net,father
842,Регина,Романовна,Баранов,+78184459191,potap34@example.net,mother
843,Владлен,Иларионович,Белоусова,+74660497009,semen1971@example.org,father
844,Агата,Аркадьевна,Белоусова,+71304256290,fedoseevatatjana@example.org,mother
845,Петр,Феликсовна,Тарасова,+79347315400,ponomarevmina@example.net,father
846,Ксения,Ануфриевич,Тарасова,+79487141376,melnikovdenis@example.org,mother
847,Богдан,Бориславович,Мясников,+76785833778,apollinarikabanov@example.com,father
848,Нинель,Леонидовна,Мясников,+70825101213,anzhela33@example.net,mother
849,Селиверст,Эльдаровна,Лукин,+71305535101,ngordeeva@example.org,father
850,Елена,Жанович,Лукин,+71086457228,kononfilippov@example.net,mother
851,Изот,Аверьянович,Тарасов,+73858288533,ljubim_88@example.com,father
852,Феврония,Феликсович,Тарасов,+74701899268,shchukinprokofi@example.org,mother
853,Потап,Фролович,Рыбаков,+78371228469,kulakovklavdi@example.org,father
854,Таисия,Ильясович,Рыбаков,+73751641872,zkozlov@example.org,mother
855,Денис,Ерофеевич,Кондратьева,+72215345508,elizaveta_2000@example.net,father
856,Маргарита,Артемовна,Кондратьева,+74808334568,ribakovafaina@example.com,mother
857,Всеслав,Давыдович,Воронцова,+75353538146,danilamaslov@example.net,father
858,Синклитикия,Игоревич,Воронцова,+70122304016,kopilovaakulina@example.net,mother
859,Зиновий,Ефремович,Орлов,+75292855724,arkadisafonov@example.org,father
860,Зоя,Борисович,Орлов,+75260392646,hsokolova@example.org,mother
861,Фрол,Евстигнеевич,Самойлова,+75083971632,filatovsilvestr@example.net,father
862,Евпраксия,Владимировна,Самойлова,+76418031551,sidor_26@example.net,mother
863,Святополк,Брониславович,Федотова,+72166336696,romanovaklavdija@example.com,father
864,Нонна,Романовна,Федотова,+71027104562,smiheev@example.org,mother
865,Ярополк,Демьянович,Красильников,+73253688898,eliseevamarina@example.org,father
866,Спартак,Адамович,Рогов,+78994143832,klavdija_2011@example.com,father
867,Людмила,Витальевич,Рогов,+75560768713,kira_1982@example.net,mother
868,Давыд,Исидорович,Исакова,+77375401988,brusakova@example.com,father
869,Виктория,Юльевич,Исакова,+71362383160,pelageja_2007@example.com,mother
870,Корнил,Васильевна,Крюкова,+77891836252,anikita_1999@example.com,father
871,Евфросиния,Алексеевич,Крюкова,+71919594924,muhinnazar@example.net,mother
872,Савва,Борисовна,Зуев,+76258090054,fade21@example.com,father
873,Нина,Иосифович,Зуев,+71927304970,epifan2021@example.org,mother
874,Тарас,Адрианович,Филиппова,+70077302300,dorofeevjakov@example.com,father
875,Марина,Романовна,Филиппова,+73584435618,mir1972@example.org,mother
876,Евстигней,Кирилловна,Дементьев,+74388034237,miheevaolimpiada@example.org,father
877,Татьяна,Еремеевич,Дементьев,+70855065352,kalashnikovruben@example.net,mother
878,Мир,Измаилович,Полякова,+72834776472,anatoli_48@example.org,father
879,Алевтина,Алексеевич,Полякова,+71222490457,mefodi_1979@example.net,mother
880,Галактион,Ильич,Борисова,+75978268024,sinklitikija1978@example.com,father
881,Регина,Григорьевна,Борисова,+74738226821,aksenovazhanna@example.org,mother
882,Софон,Игоревна,Красильников,+78293442267,hmaslova@example.net,father
883,Агафья,Викторовна,Красильников,+70272811728,andreevaelizaveta@example.net,mother
884,Панкрат,Харлампович,Александров,+77689167374,nikanor1970@example.net,father
885,Елисей,Никифоровна,Шубина,+72956926660,melnikovaolimpiada@example.net,father
886,Ксения,Ивановна,Шубина,+76503909992,anastasija1976@example.net,mother
887,Фадей,Викторовна,Самойлов,+73004428728,aristarhmishin@example.net,father
888,Регина,Анатольевна,Самойлов,+73409017580,stanislav1978@example.org,mother
889,Эраст,Александрович,Молчанова,+73721312018,ljubim23@example.net,father
890,Жанна,Тихонович,Молчанова,+70456892705,irina2016@example.org,mother
891,Федор,Альбертовна,Андреева,+76194813211,ivanna_2019@example.com,father
892,Антонина,Наумовна,Андреева,+71206642078,nadezhda_29@example.com,mother
893,Аким,Петровна,Мухина,+75479581397,vatslav_1995@example.com,father
894,Елизавета,Фокич,Мухина,+73314793046,emoiseev@example.net,mother
895,Аверьян,Харлампьевич,Королев,+79703396959,margarita_97@example.com,father
896,Кузьма,Богдановна,Рожков,+70267776406,tsamsonova@example.org,father
897,Ия,Филимонович,Рожков,+73661448384,viktorin_1995@example.net,mother
898,Виктор,Яковлевна,Соколова,+77707386643,praskovja1980@example.org,father
899,Кира,Игоревич,Соколова,+77534003698,mamontovavalerija@example.com,mother
900,Добромысл,Степановна,Максимов,+73258249207,ostromir_87@example.org,father
901,Дарья,Эдгардович,Максимов,+70029952032,mark2019@example.com,mother
902,Любосмысл,Устинович,Николаева,+74483768451,evse82@example.com,father
903,Фаина,Павловна,Николаева,+75220596392,sobolevilja@example.net,mother
904,Евдоким,Германович,Виноградова,+75761240578,ermilsokolov@example.net,father
905,Ирина,Тарасовна,Виноградова,+72468926592,luka_00@example.net,mother
906,Спартак,Тарасович,Комиссаров,+75937194700,abramovagalina@example.org,father
907,Антонина,Геннадиевна,Комиссаров,+77774596477,djachkovaelena@example.org,mother
908,Ян,Тихонович,Прохоров,+73249412327,seliverstovfrol@example.net,father
909,Ирина,Евсеевич,Прохоров,+75925630782,xknjazeva@example.net,mother
910,Дементий,Борисовна,Сидоров,+74727968354,bogdanovasofija@example.net,father
911,Агата,Филатович,Сидоров,+74533337452,tverdislav_2015@example.org,mother
912,Милован,Евсеевич,Никонова,+77692901382,belousovgavrila@example.com,father
913,Алина,Гурьевич,Никонова,+75675707205,nonna_52@example.com,mother
914,Вячеслав,Дмитриевна,Степанова,+76175178059,andreevaevdokija@example.org,father
915,Маргарита,Ефремович,Степанова,+76855675769,sidor_1996@example.org,mother
916,Адриан,Артемовна,Сысоева,+78856289824,kallistratkudrjashov@example.org,father
917,Любовь,Чеславович,Сысоева,+76365237403,isa_40@example.net,mother
918,Изот,Якубович,Белова,+73026888696,stanislav95@example.com,father
919,Милован,Жанович,Калинин,+73432276853,apollinarijudin@example.com,father
920,Виктория,Данилович,Калинин,+71300778875,komarovevstigne@example.com,mother
921,Кондрат,Федоровна,Харитонова,+77403281098,grigori31@example.net,father
922,Лидия,Артемовна,Харитонова,+73553733262,sloginov@example.org,mother
923,Поликарп,Иларионович,Сафонова,+77461511446,kononovlavrenti@example.net,father
924,Элеонора,Фокич,Сафонова,+72852359192,roman70@example.org,mother
925,Яков,Харитонович,Брагина,+70045958987,trifon_1991@example.org,father
926,Галина,Виленович,Брагина,+73575761401,rjabovemil@example.com,mother
927,Федот,Юрьевна,Муравьев,+76513349575,nikiforovavasilisa@example.com,father
928,Кира,Викторович,Муравьев,+70252643240,mzinoveva@example.net,mother
929,Эмиль,Филимонович,Сидорова,+71914678823,luchezar2000@example.net,father
930,Вероника,Вилорович,Сидорова,+79304994276,akim_2007@example.org,mother
931,Архип,Измаилович,Назаров,+79058044995,vovchinnikov@example.net,father
932,Марина,Жанович,Назаров,+70695309056,arefi_25@example.com,mother
933,Вениамин,Филипповна,Петухова,+70652811057,faina1984@example.net,father
934,Синклитикия,Болеславовна,Петухова,+77295896265,german_71@example.com,mother
935,Аполлинарий,Валентиновна,Крюков,+76903877881,kim1987@example.org,father
936,Богдан,Харлампьевич,Ситникова,+72588663852,rafanaseva@example.net,father
937,Симон,Дмитриевич,Евсеева,+77663680794,isakovsvjatopolk@example.com,father
938,Алла,Харламович,Евсеева,+76941967363,klapin@example.com,mother
939,Владлен,Александрович,Николаев,+79026289356,eliseevjaropolk@example.net,father
940,Фаина,Викторовна,Николаев,+76266091821,stepanovaelizaveta@example.org,mother
941,Станимир,Антоновна,Кудрявцева,+79561731256,izmail40@example.org,father
942,Евдокия,Валерианович,Кудрявцева,+77692871379,gushchinaija@example.net,mother
943,Казимир,Анатольевич,Кудрявцева,+75171178315,dementi1980@example.com,father
944,Эмилия,Сергеевна,Кудрявцева,+75545098727,grigorevermola@example.com,mother
945,Ермолай,Евгеньевна,Жуков,+70570004666,knjazevlev@example.org,father
946,Надежда,Абрамович,Жуков,+79352220031,epifan_2009@example.org,mother
947,Давыд,Гаврилович,Шубина,+76025788814,mechislav2007@example.net,father
948,Селиверст,Станиславовна,Тимофеева,+72495042926,gusevavksenti@example.org,father
949,Алла,Эдгардович,Тимофеева,+76380638576,avtonom_2011@example.org,mother
950,Самсон,Юлианович,Зайцева,+71962125860,iraida_1987@example.org,father
951,Аскольд,Димитриевич,Абрамова,+72074240804,shestakovseliverst@example.net,father
952,Иванна,Владиленович,Абрамова,+79893960851,vorontsovaaleksandra@example.org,mother
953,Ладимир,Викторович,Молчанов,+77095111620,hariton1976@example.org,father
954,Лариса,Ефремович,Молчанов,+75449013877,lora_01@example.com,mother
955,Никандр,Иосипович,Кудрявцева,+75265185377,kulakovaristarh@example.net,father
956,Ирина,Ефимьевич,Кудрявцева,+75205240399,shirjaevpimen@example.com,mother
957,Ананий,Власович,Панова,+79456964229,rusakovaolimpiada@example.net,father
958,Фёкла,Юлианович,Панова,+78992184389,seliverstovjanuari@example.com,mother
959,Дорофей,Валентинович,Жукова,+74751546516,chernovmina@example.com,father
960,Мирослав,Викторовна,Самойлова,+79743017808,solomon_1991@example.org,father
961,Агата,Георгиевич,Самойлова,+71953583237,anike02@example.com,mother
962,Кирилл,Ярославович,Куликов,+79791367310,valerjan_2015@example.com,father
963,Жанна,Макаровна,Куликов,+75328149194,filatovdobromisl@example.net,mother
964,Фома,Валериевна,Петухова,+72124487454,rartemeva@example.org,father
965,Вера,Терентьевич,Петухова,+71983335524,djachkovagap@example.org,mother
966,Филарет,Филиппович,Антонов,+71500701340,avdevorobev@example.net,father
967,Кира,Демьянович,Антонов,+74018419928,venediktponomarev@example.com,mother
968,Родион,Анатольевна,Громова,+77950566419,pankratterentev@example.com,father
969,Феврония,Евсеевич,Громова,+78536263186,zantonova@example.net,mother
970,Герман,Дорофеевич,Горшкова,+77263846324,aleksandra_1986@example.com,father
971,Мечислав,Константиновна,Дьячкова,+73863020323,ignatovaklavdija@example.org,father
972,Марфа,Адамович,Дьячкова,+75544064588,stanimir_62@example.net,mother
973,Флорентин,Андреевна,Михеева,+77779219026,fomicheveduard@example.net,father
974,Кира,Леонидовна,Михеева,+78309328524,pimenkalashnikov@example.org,mother
975,Аникей,Теймуразович,Хохлова,+72951544090,eliseavdeev@example.net,father
976,Нонна,Васильевна,Хохлова,+75075764896,anikita_2023@example.org,mother
977,Филарет,Владимировна,Королев,+79815325193,evstignekozlov@example.org,father
978,Григорий,Даниилович,Воронов,+78267629832,ljubov2010@example.org,father
979,Виктория,Викторовна,Воронов,+70543642518,elizaveta2022@example.com,mother
980,Лучезар,Антипович,Буров,+77183577273,ratibor1984@example.com,father
981,Елена,Степановна,Буров,+75444743959,uljan_67@example.com,mother
982,Адам,Давидович,Морозов,+78066941864,andre27@example.net,father
983,Синклитикия,Димитриевич,Морозов,+77716262325,agata_01@example.org,mother
984,Ираклий,Афанасьевна,Артемьева,+73552990130,miroslav_87@example.net,father
985,Алла,Измаилович,Артемьева,+71668788165,silvestr46@example.com,mother
986,Устин,Феоктистович,Петухов,+72411511452,kolesnikovaagafja@example.com,father
987,Вера,Артёмович,Петухов,+79649053579,bikovmoke@example.org,mother
988,Изяслав,Ефстафьевич,Михайлов,+75442620928,shchukinazinaida@example.com,father
989,Владислав,Викторовна,Веселов,+75403031130,vorlova@example.org,father
990,Лариса,Харлампьевич,Веселов,+76577863026,emilija_1973@example.com,mother
991,Христофор,Валентинович,Якушева,+73207830610,tmorozov@example.org,father
992,Варвара,Кузьминична,Якушева,+77233942159,molchanovazinaida@example.org,mother
993,Самуил,Ерофеевич,Игнатьев,+79770989459,ljubim_2003@example.net,father
994,Эмилия,Ефимовна,Игнатьев,+79969317587,kulaginataisija@example.org,mother
995,Евдоким,Николаевна,Калашников,+70191694724,shilovatatjana@example.org,father
996,Лукия,Игоревна,Калашников,+77840997739,vladislav_1997@example.net,mother
997,Епифан,Константиновна,Меркушев,+71322281748,irakli_84@example.com,father
998,Ия,Кузьминична,Меркушев,+70069930513,ksenija_2007@example.org,mother
999,Святослав,Гавриилович,Пестова,+74442717290,ljubim18@example.net,father
1000,Евдокия,Гертрудович,Пестова,+72572635684,ratmir1978@example.org,mother
1001,Викторин,Феофанович,Волкова,+72649645500,rodionovaolimpiada@example.com,father
1002,Радован,Бориславович,Меркушев,+72064330292,sharovanadezhda@example.net,father
1003,Клавдия,Елизарович,Меркушев,+75763969761,leonti_98@example.net,mother
1004,Леон,Ивановна,Кузнецов,+78802558990,arefiustinov@example.org,father
1005,Любовь,Валерианович,Кузнецов,+78013714548,egor1974@example.net,mother
1006,Антонин,Михайловна,Дьячков,+72964176405,oktjabrina_84@example.net,father
1007,Агафья,Гавриилович,Дьячков,+71634962091,zoja22@example.com,mother
1008,Анатолий,Августович,Брагина,+70861369071,svjatopolk2006@example.net,father
1009,Фёкла,Харламович,Брагина,+73976936410,yteterin@example.org,mother
1010,Андроник,Владимировна,Рыбакова,+71928359989,gavrilovanatalja@example.com,father
1011,Ия,Глебович,Рыбакова,+73495990090,clapina@example.com,mother
1012,Сидор,Романовна,Баранов,+72083231109,agafonovairaida@example.com,father
1013,Акулина,Георгиевич,Баранов,+74501600269,darja1988@example.net,mother
1014,Руслан,Валерьевич,Панова,+79293425330,valeri1995@example.org,father
1015,Евдокия,Феофанович,Панова,+76593984013,gorbunovafaina@example.org,mother
1016,Яков,Вениаминовна,Лапина,+78777544899,rhohlova@example.net,father
1017,Наина,Феодосьевич,Лапина,+72691411820,olimpi_36@example.net,mother
1018,Ананий,Игоревич,Васильева,+73588464307,feliks_2002@example.net,father
1019,Лукия,Анатольевич,Васильева,+71645452977,sofon_2019@example.org,mother
1020,Викентий,Ждановна,Федоров,+70576447937,elizar1984@example.net,father
1021,Алексей,Адрианович,Андреев,+75364180032,stanislav_20@example.org,father
1022,Валентина,Архиповна,Андреев,+71791810558,vitali_68@example.net,mother
1023,Спартак,Васильевна,Боброва,+77959859593,vasilisa_75@example.net,father
1024,Лонгин,Изотович,Исаев,+73180715312,nekrasovporfiri@example.org,father
1025,Прасковья,Харлампович,Исаев,+75345201878,trifon61@example.org,mother
1026,Чеслав,Михайловна,Комиссарова,+76647997223,evstafi_1974@example.com,father
1027,Василиса,Филатович,Комиссарова,+70944894342,lapinaevpraksija@example.org,mother
1028,Сергей,Харламович,Федоров,+75115012989,ntimofeev@example.net,father
1029,Зинаида,Яковлевна,Федоров,+76457845917,serafim_1991@example.org,mother
1030,Константин,Матвеевна,Суворова,+73762673329,pahomovignati@example.net,father
1031,Антонина,Максимовна,Суворова,+76102752132,mokemorozov@example.org,mother
1032,Леонтий,Викторовна,Кабанова,+75405588936,teterinsofon@example.org,father
1033,Пелагея,Игоревич,Кабанова,+76074584162,prov2010@example.net,mother
1034,Вадим,Оскаровна,Лыткина,+76007637563,safonovaraisa@example.com,father
1035,Марфа,Ермилович,Лыткина,+77764752780,gorshkovereme@example.org,mother
1036,Лука,Эдуардович,Шаров,+75575318947,julian1980@example.com,father
1037,Пелагея,Эдуардовна,Шаров,+70524339043,koshelevsvetozar@example.org,mother
1038,Алексей,Арсеньевич,Дементьев,+75684267026,nikifor1973@example.org,father
1039,Ксения,Борисович,Дементьев,+78413060066,marina_1970@example.com,mother
1040,Семен,Демидович,Беляев,+77511398007,vishnjakovauljana@example.net,father
1041,Агафья,Тихонович,Беляев,+76788103900,gordeeverast@example.com,mother
1042,Харлампий,Викторович,Степанов,+70032445394,luka_89@example.net,father
1043,Светлана,Тимофеевна,Степанов,+79280211372,lavrenti46@example.com,mother
1044,Адриан,Давыдович,Абрамов,+79987143418,ustinovefim@example.com,father
