id,firstName,middleName,lastName,gender,documentId,phoneNumber,email
1,Мария,Ждановна,Давыдова,female,8436 181970,+79121035218,jakub95@example.net
2,Октябрина,Эдуардовна,Федосеева,female,9946 613565,+79951388146,dlazareva@example.com
3,Феврония,Робертовна,Жданова,female,6357 481899,+79743615748,sharapovviktor@example.org
4,Алевтина,Ильинична,Евсеева,female,6203 314495,+79142641188,volkovamarfa@example.org
5,Лариса,Даниловна,Копылова,female,6835 225386,+79161695348,mechislavpopov@example.org
6,Лукия,Ивановна,Шарапова,female,1279 931862,+79477800576,ladislav_83@example.net
7,Глафира,Болеславовна,Суворова,female,1466 513059,+79905668050,rodionovsila@example.org
8,Мария,Рудольфовна,Белякова,female,9105 507317,+79313590955,abramovignati@example.org
9,Галина,Григорьевна,Мартынова,female,5255 981049,+79458649079,osipovbudimir@example.net
10,Ольга,Альбертовна,Кириллова,female,8247 277661,+79402441488,tkirillova@example.net
11,Добромысл,Глебович,Стрелков,male,6401 764314,+79010624331,ozikov@example.net
12,Парфен,Фёдорович,Сорокин,male,3721 313337,+79365470156,askold_38@example.net
13,Велимир,Алексеевич,Алексеев,male,9653 554955,+79977692291,korolevmili@example.net
14,Филарет,Федосеевич,Никифоров,male,1637 435573,+79884535895,dmitrilihachev@example.org
15,Никандр,Георгиевич,Антонов,male,2497 382334,+79549944372,feliks_07@example.net
16,Руслан,Дмитриевич,Сазонов,male,6884 789552,+79261852372,potapkalinin@example.net
17,Лазарь,Федотович,Бирюков,male,1745 175041,+79789484156,azari1971@example.org
18,Мария,Юрьевна,Молчанова,female,1744 914942,+79243630293,svetlana_2020@example.com
19,Вышеслав,Гурьевич,Аксенов,male,4815 988452,+79009470550,yshestakov@example.org
20,Маргарита,Афанасьевна,Тетерина,female,1682 130169,+79271736282,solomonrusakov@example.net
21,Федот,Абрамович,Белоусов,male,6453 655103,+79803248321,lpahomov@example.net
22,Алла,Святославовна,Якушева,female,1946 771029,+79941732156,novikovvseslav@example.com
23,Ульяна,Владиславовна,Никонова,female,2792 733656,+79649037309,larhipova@example.net
24,Раиса,Сергеевна,Ершова,female,9306 194093,+79797582399,ipati_39@example.com
25,Виктория,Михайловна,Носкова,female,8011 466934,+79297466652,erastfomichev@example.org
26,Алла,Болеславовна,Евдокимова,female,5713 508858,+79305017284,elise1992@example.org
27,Вера,Юльевна,Никонова,female,9954 133972,+79504266522,galaktion2018@example.org
28,Марфа,Антоновна,Шестакова,female,4978 183936,+79508367511,milan2014@example.net
29,Зиновий,Аксёнович,Комиссаров,male,6562 981057,+79875312199,maksimovselivan@example.org
30,Вениамин,Давыдович,Юдин,male,9522 148279,+79173139086,visheslavpavlov@example.net
